id,fk_user,name
0,0,4053100346441153
1,1,4128515963198854
2,2,4656573459057233
3,3,30587670488774
4,4,4503701411141
5,5,347360940607344
6,6,4949468070860773508
7,7,180035437256421
8,8,4419804687356
9,9,4324191738819372
10,10,3537466610131152
11,11,213188492251968
12,12,4194759120147193
13,13,349290137821861
14,14,4226222041247545
15,15,502070126680
16,16,3539050346200495
17,17,6011921868298119
18,18,4020557295482574107
19,19,6011049161405254
20,20,501807475048
21,21,4947923856785408
22,22,4951681577979144832
23,23,343762726444376
24,24,4957804743182
25,25,6011706475315558
26,26,4652099944276505
27,27,4313925343848182
28,28,3502625242718832
29,29,6544054303394172
30,30,372730209661547
31,31,3579962767561158
32,32,4417591867280
33,33,4465546702404239
34,34,3551983513552558
35,35,4551538353614
36,36,4813746582503
37,37,4083915181500613
38,38,3583027184393827
39,39,4386364969476
40,40,3504695667849238
41,41,501846180674
42,42,4075549703989374
43,43,3573533075717810
44,44,2632443131355038
45,45,4517833697086595
46,46,4446088034925684
47,47,4631342904464216
48,48,3584015145721425
49,49,213112054479940
50,50,4761404260215916540
51,51,3549674729185342
52,52,4665205761230427
53,53,3553606006013139
54,54,4329843748391694
55,55,6597810767159765
56,56,4943286166727148828
57,57,3540974302453995
58,58,30267192988995
59,59,569209100654
60,60,4251918262366488
61,61,36264247067127
62,62,180025104824346
63,63,6011577816225545
64,64,180099822611988
65,65,180058430819888
66,66,6011164612005510
67,67,4417915822575206803
68,68,3597140928271540
69,69,30142841312881
70,70,4685116982713742686
71,71,213190122397658
72,72,30320987964323
73,73,3519384713126510
74,74,4149336192597
75,75,346652629057812
76,76,6541348978342778
77,77,4290947867639
78,78,3520451300706116
79,79,6524726243779604
80,80,4644771079283
81,81,4244414494785455
82,82,374372014196852
83,83,6011914394205096
84,84,4478137818371358
85,85,30533520379219
86,86,180059941054437
87,87,2228234086736847
88,88,6011873700179629
89,89,36929800343236
90,90,4981567451562462207
91,91,4653277350643256
92,92,3557695196674335
93,93,4084033073759630385
94,94,180081405781966
95,95,4249829929833585
96,96,4408993798491508
97,97,675929313731
98,98,4630437572407
99,99,375953558692726
